file,relative_path,openml_did,openml_name,openml_target,runner_target,rows,features,numerical_features,categorical_features,target_unique,missing_ratio,content_hash,cohort_name,cohort_freeze_date,cohort_order,source,access_url,selection_rule,inclusion_note
OpenML50_223_stock.csv,openml50_benchmark/OpenML50_223_stock.csv,223,stock,company10,target,950,9,9,0,203,0.0,d8ca80c07ddc6422,OpenML-50 CATCH-vs-AutoGluon benchmark,2026-06-24,1,OpenML,https://www.openml.org/d/223,screened_openml_metadata_sorted_by_data_id_first50_no_model_results,openml50_autogluon_catch_two_method_benchmark
OpenML50_541_socmob.csv,openml50_benchmark/OpenML50_541_socmob.csv,541,socmob,counts_for_sons_current_occupation,target,1156,5,1,4,361,0.0,171d1898cd3e5238,OpenML-50 CATCH-vs-AutoGluon benchmark,2026-06-24,2,OpenML,https://www.openml.org/d/541,screened_openml_metadata_sorted_by_data_id_first50_no_model_results,openml50_autogluon_catch_two_method_benchmark
OpenML50_23515_sulfur.csv,openml50_benchmark/OpenML50_23515_sulfur.csv,23515,sulfur,y1,target,10081,6,6,0,9368,0.0,0fcf8b65f45f6a80,OpenML-50 CATCH-vs-AutoGluon benchmark,2026-06-24,3,OpenML,https://www.openml.org/d/23515,screened_openml_metadata_sorted_by_data_id_first50_no_model_results,openml50_autogluon_catch_two_method_benchmark
OpenML50_41022_Short_Track_Speed_Skating.csv,openml50_benchmark/OpenML50_41022_Short_Track_Speed_Skating.csv,41022,Short_Track_Speed_Skating,Time,target,4792,26,17,9,2953,0.017776541148828293,aebc520afdcc6a82,OpenML-50 CATCH-vs-AutoGluon benchmark,2026-06-24,4,OpenML,https://www.openml.org/d/41022,screened_openml_metadata_sorted_by_data_id_first50_no_model_results,openml50_autogluon_catch_two_method_benchmark
OpenML50_41187_mauna_loa_atmospheric_co2.csv,openml50_benchmark/OpenML50_41187_mauna_loa_atmospheric_co2.csv,41187,mauna-loa-atmospheric-co2,co2,target,2225,6,5,1,581,0.0,c4eb920d65e306b8,OpenML-50 CATCH-vs-AutoGluon benchmark,2026-06-24,5,OpenML,https://www.openml.org/d/41187,screened_openml_metadata_sorted_by_data_id_first50_no_model_results,openml50_autogluon_catch_two_method_benchmark
OpenML50_42125_employee_salaries.csv,openml50_benchmark/OpenML50_42125_employee_salaries.csv,42125,employee_salaries,current_annual_salary,target,9228,12,3,9,3403,0.09310293087926377,a4992a5a381eb59a,OpenML-50 CATCH-vs-AutoGluon benchmark,2026-06-24,6,OpenML,https://www.openml.org/d/42125,screened_openml_metadata_sorted_by_data_id_first50_no_model_results,openml50_autogluon_catch_two_method_benchmark
OpenML50_42362_ELE_2.csv,openml50_benchmark/OpenML50_42362_ELE_2.csv,42362,ELE-2,Y,target,1056,4,4,0,1011,0.0,0efafd596e1fae29,OpenML-50 CATCH-vs-AutoGluon benchmark,2026-06-24,7,OpenML,https://www.openml.org/d/42362,screened_openml_metadata_sorted_by_data_id_first50_no_model_results,openml50_autogluon_catch_two_method_benchmark
OpenML50_42364_laser.csv,openml50_benchmark/OpenML50_42364_laser.csv,42364,laser,Output,target,993,4,4,0,191,0.0,9cb3f8ae5b7a385d,OpenML-50 CATCH-vs-AutoGluon benchmark,2026-06-24,8,OpenML,https://www.openml.org/d/42364,screened_openml_metadata_sorted_by_data_id_first50_no_model_results,openml50_autogluon_catch_two_method_benchmark
OpenML50_42367_treasury.csv,openml50_benchmark/OpenML50_42367_treasury.csv,42367,treasury,1MonthCDRate,target,1049,15,15,0,570,0.0,477ca40acbaeba1b,OpenML-50 CATCH-vs-AutoGluon benchmark,2026-06-24,9,OpenML,https://www.openml.org/d/42367,screened_openml_metadata_sorted_by_data_id_first50_no_model_results,openml50_autogluon_catch_two_method_benchmark
OpenML50_42495_delays_zurich_transport.csv,openml50_benchmark/OpenML50_42495_delays_zurich_transport.csv,42495,delays_zurich_transport,delay,target,27327,16,15,1,853,0.0014142444770201418,fb841fd99a298a3d,OpenML-50 CATCH-vs-AutoGluon benchmark,2026-06-24,10,OpenML,https://www.openml.org/d/42495,screened_openml_metadata_sorted_by_data_id_first50_no_model_results,openml50_autogluon_catch_two_method_benchmark
OpenML50_42545_stock_fardamento02.csv,openml50_benchmark/OpenML50_42545_stock_fardamento02.csv,42545,stock_fardamento02,qts,target,6277,6,5,1,113,0.0,782d255ae4f5648d,OpenML-50 CATCH-vs-AutoGluon benchmark,2026-06-24,11,OpenML,https://www.openml.org/d/42545,screened_openml_metadata_sorted_by_data_id_first50_no_model_results,openml50_autogluon_catch_two_method_benchmark
OpenML50_43093_MiamiHousing2016.csv,openml50_benchmark/OpenML50_43093_MiamiHousing2016.csv,43093,MiamiHousing2016,SALE_PRC,target,13932,16,16,0,2111,0.0,c68940a8f26b3495,OpenML-50 CATCH-vs-AutoGluon benchmark,2026-06-24,12,OpenML,https://www.openml.org/d/43093,screened_openml_metadata_sorted_by_data_id_first50_no_model_results,openml50_autogluon_catch_two_method_benchmark
OpenML50_43174_superconduct.csv,openml50_benchmark/OpenML50_43174_superconduct.csv,43174,superconduct,critical_temp,target,21263,81,81,0,3007,0.0,5b8414fefa08c959,OpenML-50 CATCH-vs-AutoGluon benchmark,2026-06-24,13,OpenML,https://www.openml.org/d/43174,screened_openml_metadata_sorted_by_data_id_first50_no_model_results,openml50_autogluon_catch_two_method_benchmark
OpenML50_43180_IEEE80211aa_GATS.csv,openml50_benchmark/OpenML50_43180_IEEE80211aa_GATS.csv,43180,IEEE80211aa-GATS,gd_downlink_multicast,target,4046,32,31,1,3407,0.0,f30e6ebc5654613a,OpenML-50 CATCH-vs-AutoGluon benchmark,2026-06-24,14,OpenML,https://www.openml.org/d/43180,screened_openml_metadata_sorted_by_data_id_first50_no_model_results,openml50_autogluon_catch_two_method_benchmark
OpenML50_43190_IEEE80211aa_GATS.csv,openml50_benchmark/OpenML50_43190_IEEE80211aa_GATS.csv,43190,IEEE80211aa-GATS,gd_downlink_multicast,target,4046,32,31,1,3407,0.0,41a7c407ec54244d,OpenML-50 CATCH-vs-AutoGluon benchmark,2026-06-24,15,OpenML,https://www.openml.org/d/43190,screened_openml_metadata_sorted_by_data_id_first50_no_model_results,openml50_autogluon_catch_two_method_benchmark
OpenML50_43192_IEEE80211aa_GATS.csv,openml50_benchmark/OpenML50_43192_IEEE80211aa_GATS.csv,43192,IEEE80211aa-GATS,gd_downlink_multicast,target,4881,32,31,1,4224,0.0042899803194824705,1b77978233c0b9cb,OpenML-50 CATCH-vs-AutoGluon benchmark,2026-06-24,16,OpenML,https://www.openml.org/d/43192,screened_openml_metadata_sorted_by_data_id_first50_no_model_results,openml50_autogluon_catch_two_method_benchmark
OpenML50_43194_IEEE80211aa_GATS.csv,openml50_benchmark/OpenML50_43194_IEEE80211aa_GATS.csv,43194,IEEE80211aa-GATS,gd_downlink_multicast,target,4322,32,31,1,3672,0.0,ddaac46354a56aa6,OpenML-50 CATCH-vs-AutoGluon benchmark,2026-06-24,17,OpenML,https://www.openml.org/d/43194,screened_openml_metadata_sorted_by_data_id_first50_no_model_results,openml50_autogluon_catch_two_method_benchmark
OpenML50_43198_IEEE80211aa_GATS.csv,openml50_benchmark/OpenML50_43198_IEEE80211aa_GATS.csv,43198,IEEE80211aa-GATS,gd_downlink_multicast,target,5296,32,31,1,4611,0.007003570447679209,d20a3292cb488be0,OpenML-50 CATCH-vs-AutoGluon benchmark,2026-06-24,18,OpenML,https://www.openml.org/d/43198,screened_openml_metadata_sorted_by_data_id_first50_no_model_results,openml50_autogluon_catch_two_method_benchmark
OpenML50_43250_18ProductivityPrediction.csv,openml50_benchmark/OpenML50_43250_18ProductivityPrediction.csv,43250,18ProductivityPrediction,actual_productivity,target,1197,14,10,4,875,0.028181565023670287,53d60b23873fb364,OpenML-50 CATCH-vs-AutoGluon benchmark,2026-06-24,19,OpenML,https://www.openml.org/d/43250,screened_openml_metadata_sorted_by_data_id_first50_no_model_results,openml50_autogluon_catch_two_method_benchmark
OpenML50_43252_IEEE80211aa_GATS.csv,openml50_benchmark/OpenML50_43252_IEEE80211aa_GATS.csv,43252,IEEE80211aa-GATS,gd_downlink_multicast,target,3782,32,31,1,3168,0.0,619fae65d0a53572,OpenML-50 CATCH-vs-AutoGluon benchmark,2026-06-24,20,OpenML,https://www.openml.org/d/43252,screened_openml_metadata_sorted_by_data_id_first50_no_model_results,openml50_autogluon_catch_two_method_benchmark
OpenML50_43256_IEEE80211aa_GATS.csv,openml50_benchmark/OpenML50_43256_IEEE80211aa_GATS.csv,43256,IEEE80211aa-GATS,gd_downlink_multicast,target,2824,32,31,1,2263,0.004635591037857327,15c73b28cceb1212,OpenML-50 CATCH-vs-AutoGluon benchmark,2026-06-24,21,OpenML,https://www.openml.org/d/43256,screened_openml_metadata_sorted_by_data_id_first50_no_model_results,openml50_autogluon_catch_two_method_benchmark
OpenML50_43714_1000_Cameras_Dataset.csv,openml50_benchmark/OpenML50_43714_1000_Cameras_Dataset.csv,43714,1000-Cameras-Dataset,Price,target,1038,12,11,1,43,0.0005187490736623684,54a6849b0a13cd67,OpenML-50 CATCH-vs-AutoGluon benchmark,2026-06-24,22,OpenML,https://www.openml.org/d/43714,screened_openml_metadata_sorted_by_data_id_first50_no_model_results,openml50_autogluon_catch_two_method_benchmark
OpenML50_43747_Minneapolis_Air_Quality_Survey.csv,openml50_benchmark/OpenML50_43747_Minneapolis_Air_Quality_Survey.csv,43747,Minneapolis-Air-Quality-Survey,Results,target,4790,16,5,11,495,0.03682917843546604,40237ede7d144cc9,OpenML-50 CATCH-vs-AutoGluon benchmark,2026-06-24,23,OpenML,https://www.openml.org/d/43747,screened_openml_metadata_sorted_by_data_id_first50_no_model_results,openml50_autogluon_catch_two_method_benchmark
OpenML50_43785_Goodreads_Computer_Books.csv,openml50_benchmark/OpenML50_43785_Goodreads_Computer_Books.csv,43785,Goodreads-Computer-Books,Avg_Rating,target,1234,8,5,3,186,0.0,f997a1cd0f7fb6d9,OpenML-50 CATCH-vs-AutoGluon benchmark,2026-06-24,24,OpenML,https://www.openml.org/d/43785,screened_openml_metadata_sorted_by_data_id_first50_no_model_results,openml50_autogluon_catch_two_method_benchmark
OpenML50_43828_Another_Dataset_on_used_Fiat_500_1538_rows.csv,openml50_benchmark/OpenML50_43828_Another_Dataset_on_used_Fiat_500_1538_rows.csv,43828,Another-Dataset-on-used-Fiat-500-(1538-rows),price,target,1538,7,6,1,222,0.0,c54111c46445d971,OpenML-50 CATCH-vs-AutoGluon benchmark,2026-06-24,25,OpenML,https://www.openml.org/d/43828,screened_openml_metadata_sorted_by_data_id_first50_no_model_results,openml50_autogluon_catch_two_method_benchmark
OpenML50_43927_avocado_sales.csv,openml50_benchmark/OpenML50_43927_avocado_sales.csv,43927,avocado_sales,AveragePrice,target,18249,13,11,2,259,0.0,dba44da46daf9397,OpenML-50 CATCH-vs-AutoGluon benchmark,2026-06-24,26,OpenML,https://www.openml.org/d/43927,screened_openml_metadata_sorted_by_data_id_first50_no_model_results,openml50_autogluon_catch_two_method_benchmark
OpenML50_43963_CPS1988.csv,openml50_benchmark/OpenML50_43963_CPS1988.csv,43963,CPS1988,wage,target,28155,6,2,4,5970,0.0,ef050afea79ec3d5,OpenML-50 CATCH-vs-AutoGluon benchmark,2026-06-24,27,OpenML,https://www.openml.org/d/43963,screened_openml_metadata_sorted_by_data_id_first50_no_model_results,openml50_autogluon_catch_two_method_benchmark
OpenML50_44005_MiamiHousing2016.csv,openml50_benchmark/OpenML50_44005_MiamiHousing2016.csv,44005,MiamiHousing2016,SALEPRC,target,13932,13,13,0,2111,0.0,99adc067b235fbce,OpenML-50 CATCH-vs-AutoGluon benchmark,2026-06-24,28,OpenML,https://www.openml.org/d/44005,screened_openml_metadata_sorted_by_data_id_first50_no_model_results,openml50_autogluon_catch_two_method_benchmark
OpenML50_44006_superconduct.csv,openml50_benchmark/OpenML50_44006_superconduct.csv,44006,superconduct,criticaltemp,target,21263,79,79,0,3007,0.0,aa9db5562caa62ef,OpenML-50 CATCH-vs-AutoGluon benchmark,2026-06-24,29,OpenML,https://www.openml.org/d/44006,screened_openml_metadata_sorted_by_data_id_first50_no_model_results,openml50_autogluon_catch_two_method_benchmark
OpenML50_44026_fifa.csv,openml50_benchmark/OpenML50_44026_fifa.csv,44026,fifa,wage_eur,target,18063,5,5,0,133,0.0,d5842b6e82e740fb,OpenML-50 CATCH-vs-AutoGluon benchmark,2026-06-24,30,OpenML,https://www.openml.org/d/44026,screened_openml_metadata_sorted_by_data_id_first50_no_model_results,openml50_autogluon_catch_two_method_benchmark
OpenML50_44039_yprop_4_1.csv,openml50_benchmark/OpenML50_44039_yprop_4_1.csv,44039,yprop_4_1,oz252,target,8885,62,62,0,1336,0.0,622c878d0f87d9f4,OpenML-50 CATCH-vs-AutoGluon benchmark,2026-06-24,31,OpenML,https://www.openml.org/d/44039,screened_openml_metadata_sorted_by_data_id_first50_no_model_results,openml50_autogluon_catch_two_method_benchmark
OpenML50_44041_visualizing_soil.csv,openml50_benchmark/OpenML50_44041_visualizing_soil.csv,44041,visualizing_soil,track,target,8641,4,4,0,40,0.0,db97a3ed968c7a17,OpenML-50 CATCH-vs-AutoGluon benchmark,2026-06-24,32,OpenML,https://www.openml.org/d/44041,screened_openml_metadata_sorted_by_data_id_first50_no_model_results,openml50_autogluon_catch_two_method_benchmark
OpenML50_44179_IEEE80211aa_GATS_NS3_35.csv,openml50_benchmark/OpenML50_44179_IEEE80211aa_GATS_NS3_35.csv,44179,IEEE80211aa-GATS-NS3.35,norm_gd_downlink_multicast,target,2160,23,22,1,1748,0.04384645061728395,c67fa42af3ec1c3a,OpenML-50 CATCH-vs-AutoGluon benchmark,2026-06-24,33,OpenML,https://www.openml.org/d/44179,screened_openml_metadata_sorted_by_data_id_first50_no_model_results,openml50_autogluon_catch_two_method_benchmark
OpenML50_44212_Reading_Hydro.csv,openml50_benchmark/OpenML50_44212_Reading_Hydro.csv,44212,Reading_Hydro,upstream,target,1000,27,26,1,82,0.0,af8dcbc0742181e6,OpenML-50 CATCH-vs-AutoGluon benchmark,2026-06-24,34,OpenML,https://www.openml.org/d/44212,screened_openml_metadata_sorted_by_data_id_first50_no_model_results,openml50_autogluon_catch_two_method_benchmark
OpenML50_44252_Meta_Album_MD_5_BIS_Micro.csv,openml50_benchmark/OpenML50_44252_Meta_Album_MD_5_BIS_Micro.csv,44252,Meta_Album_MD_5_BIS_Micro,CATEGORY,target,800,38,24,14,20,0.0,ec47e5aeef2d5480,OpenML-50 CATCH-vs-AutoGluon benchmark,2026-06-24,35,OpenML,https://www.openml.org/d/44252,screened_openml_metadata_sorted_by_data_id_first50_no_model_results,openml50_autogluon_catch_two_method_benchmark
OpenML50_44280_Meta_Album_MD_6_Micro.csv,openml50_benchmark/OpenML50_44280_Meta_Album_MD_6_Micro.csv,44280,Meta_Album_MD_6_Micro,CATEGORY,target,800,46,32,14,20,0.0,d082210f888a5dff,OpenML-50 CATCH-vs-AutoGluon benchmark,2026-06-24,36,OpenML,https://www.openml.org/d/44280,screened_openml_metadata_sorted_by_data_id_first50_no_model_results,openml50_autogluon_catch_two_method_benchmark
OpenML50_44296_Meta_Album_MD_5_BIS_Mini.csv,openml50_benchmark/OpenML50_44296_Meta_Album_MD_5_BIS_Mini.csv,44296,Meta_Album_MD_5_BIS_Mini,CATEGORY,target,28240,38,24,14,706,1.8159366601292946e-06,af0591c1a29ee65d,OpenML-50 CATCH-vs-AutoGluon benchmark,2026-06-24,37,OpenML,https://www.openml.org/d/44296,screened_openml_metadata_sorted_by_data_id_first50_no_model_results,openml50_autogluon_catch_two_method_benchmark
OpenML50_44310_Meta_Album_MD_6_Mini.csv,openml50_benchmark/OpenML50_44310_Meta_Album_MD_6_Mini.csv,44310,Meta_Album_MD_6_Mini,CATEGORY,target,28120,46,32,14,703,4.237159892255077e-05,db0a9d5ec29754b6,OpenML-50 CATCH-vs-AutoGluon benchmark,2026-06-24,38,OpenML,https://www.openml.org/d/44310,screened_openml_metadata_sorted_by_data_id_first50_no_model_results,openml50_autogluon_catch_two_method_benchmark
OpenML50_44311_Job_Profitability.csv,openml50_benchmark/OpenML50_44311_Job_Profitability.csv,44311,Job_Profitability,Jobs_Gross_Margin_Percentage,target,14480,30,28,2,7275,8.911067545891999e-06,7271a50c7f5c3bff,OpenML-50 CATCH-vs-AutoGluon benchmark,2026-06-24,39,OpenML,https://www.openml.org/d/44311,screened_openml_metadata_sorted_by_data_id_first50_no_model_results,openml50_autogluon_catch_two_method_benchmark
OpenML50_44958_auction_verification.csv,openml50_benchmark/OpenML50_44958_auction_verification.csv,44958,auction_verification,verification.time,target,2043,8,8,0,2039,0.0,2d93e574849adc5e,OpenML-50 CATCH-vs-AutoGluon benchmark,2026-06-24,40,OpenML,https://www.openml.org/d/44958,screened_openml_metadata_sorted_by_data_id_first50_no_model_results,openml50_autogluon_catch_two_method_benchmark
OpenML50_44973_grid_stability.csv,openml50_benchmark/OpenML50_44973_grid_stability.csv,44973,grid_stability,stab,target,10000,13,12,1,10000,0.0,5fdba8411eed5ba7,OpenML-50 CATCH-vs-AutoGluon benchmark,2026-06-24,41,OpenML,https://www.openml.org/d/44973,screened_openml_metadata_sorted_by_data_id_first50_no_model_results,openml50_autogluon_catch_two_method_benchmark
OpenML50_44983_miami_housing.csv,openml50_benchmark/OpenML50_44983_miami_housing.csv,44983,miami_housing,SALE_PRC,target,13932,16,16,0,2111,0.0,34ab986e3527839d,OpenML-50 CATCH-vs-AutoGluon benchmark,2026-06-24,42,OpenML,https://www.openml.org/d/44983,screened_openml_metadata_sorted_by_data_id_first50_no_model_results,openml50_autogluon_catch_two_method_benchmark
OpenML50_44989_kings_county.csv,openml50_benchmark/OpenML50_44989_kings_county.csv,44989,kings_county,price,target,21613,21,21,0,4028,0.0,97f6fffb392cba49,OpenML-50 CATCH-vs-AutoGluon benchmark,2026-06-24,43,OpenML,https://www.openml.org/d/44989,screened_openml_metadata_sorted_by_data_id_first50_no_model_results,openml50_autogluon_catch_two_method_benchmark
OpenML50_44992_fps_benchmark.csv,openml50_benchmark/OpenML50_44992_fps_benchmark.csv,44992,fps_benchmark,FPS,target,24624,43,34,9,2675,0.06432748538011696,d4f0b519de9196f3,OpenML-50 CATCH-vs-AutoGluon benchmark,2026-06-24,44,OpenML,https://www.openml.org/d/44992,screened_openml_metadata_sorted_by_data_id_first50_no_model_results,openml50_autogluon_catch_two_method_benchmark
OpenML50_44993_health_insurance.csv,openml50_benchmark/OpenML50_44993_health_insurance.csv,44993,health_insurance,whrswk,target,22272,12,5,7,75,0.0,634168e76c07cc83,OpenML-50 CATCH-vs-AutoGluon benchmark,2026-06-24,45,OpenML,https://www.openml.org/d/44993,screened_openml_metadata_sorted_by_data_id_first50_no_model_results,openml50_autogluon_catch_two_method_benchmark
OpenML50_44994_cars.csv,openml50_benchmark/OpenML50_44994_cars.csv,44994,cars,Price,target,804,17,17,0,798,0.0,93f139a52f42d34b,OpenML-50 CATCH-vs-AutoGluon benchmark,2026-06-24,46,OpenML,https://www.openml.org/d/44994,screened_openml_metadata_sorted_by_data_id_first50_no_model_results,openml50_autogluon_catch_two_method_benchmark
OpenML50_45002_fifa.csv,openml50_benchmark/OpenML50_45002_fifa.csv,45002,fifa,wage_eur,target,19178,29,28,1,133,0.0,3ff3ba72699de4a2,OpenML-50 CATCH-vs-AutoGluon benchmark,2026-06-24,47,OpenML,https://www.openml.org/d/45002,screened_openml_metadata_sorted_by_data_id_first50_no_model_results,openml50_autogluon_catch_two_method_benchmark
OpenML50_45012_fifa.csv,openml50_benchmark/OpenML50_45012_fifa.csv,45012,fifa,wage_eur,target,19178,28,27,1,133,0.0,d2a77f7ccb75ea6c,OpenML-50 CATCH-vs-AutoGluon benchmark,2026-06-24,48,OpenML,https://www.openml.org/d/45012,screened_openml_metadata_sorted_by_data_id_first50_no_model_results,openml50_autogluon_catch_two_method_benchmark
OpenML50_45032_yprop_4_1.csv,openml50_benchmark/OpenML50_45032_yprop_4_1.csv,45032,yprop_4_1,oz252,target,8885,42,42,0,1336,0.0,ca627c762a2780f9,OpenML-50 CATCH-vs-AutoGluon benchmark,2026-06-24,49,OpenML,https://www.openml.org/d/45032,screened_openml_metadata_sorted_by_data_id_first50_no_model_results,openml50_autogluon_catch_two_method_benchmark
OpenML50_46131_gbsg.csv,openml50_benchmark/OpenML50_46131_gbsg.csv,46131,gbsg,time,target,2232,8,8,0,1230,0.0,dadbf2e42a52e0d8,OpenML-50 CATCH-vs-AutoGluon benchmark,2026-06-24,50,OpenML,https://www.openml.org/d/46131,screened_openml_metadata_sorted_by_data_id_first50_no_model_results,openml50_autogluon_catch_two_method_benchmark
